,Wet Bulb Temperature,Humidity,Total Rain,Battery Life,Wind Speed,Maximum Wind Speed,Barometric Pressure,Solar Radiation,Air Temperature
Wet Bulb Temperature,1.0,0.16390936246148727,0.4611689836500098,0.11804420914553397,-0.21547176080639183,-0.21612426413756278,-0.2762348761561573,0.23258899773368089,0.9807552216052363
Humidity,0.16390936246148727,1.0,0.1098818528260948,-0.05988430240877631,0.10028822315765991,0.008094512468330243,-0.20823833529171967,-0.16767347511543657,-0.021640740933228417
Total Rain,0.4611689836500098,0.1098818528260948,1.0,-0.03527566074896687,-0.05432898627152824,-0.05256495503472809,-0.004531190571607019,0.08461490905115907,0.43749498893557154
Battery Life,0.11804420914553397,-0.05988430240877631,-0.03527566074896687,1.0,-0.141166204343239,-0.12275635162744662,-0.011667684685645364,0.056751180537066126,0.13629603334954712
Wind Speed,-0.21547176080639183,0.10028822315765991,-0.05432898627152824,-0.141166204343239,1.0,0.9226935719623102,-0.06903486274798991,0.0504558404924816,-0.23065605334812886
Maximum Wind Speed,-0.21612426413756278,0.008094512468330243,-0.05256495503472809,-0.12275635162744662,0.9226935719623102,1.0,-0.1386600362860211,0.030778224553647874,-0.21431998283883125
Barometric Pressure,-0.2762348761561573,-0.20823833529171967,-0.004531190571607019,-0.011667684685645364,-0.06903486274798991,-0.1386600362860211,1.0,0.05993345052176136,-0.2524089449487051
Solar Radiation,0.23258899773368089,-0.16767347511543657,0.08461490905115907,0.056751180537066126,0.0504558404924816,0.030778224553647874,0.05993345052176136,1.0,0.2693166372400561
Air Temperature,0.9807552216052363,-0.021640740933228417,0.43749498893557154,0.13629603334954712,-0.23065605334812886,-0.21431998283883125,-0.2524089449487051,0.2693166372400561,1.0
